{
    "train": {
        "R2": 0.992653265190708,
        "MAE": 3.272043588928071,
        "MDAE": 2.097575672551997,
        "RMSE": 5.686529047548543,
        "CE135A": [
            0.5276419579337328,
            0.8728581170291485,
            0.9663924476106186,
            1.005663324773056
        ]
    },
    "test": {
        "R2": 0.9883704380253588,
        "MAE": 3.753928925826736,
        "MDAE": 2.3938040797658573,
        "RMSE": 7.262117951740285,
        "CE135A": [
            0.4951685201557241,
            0.8553968327827153,
            0.9523366370418624,
            1.0015820576055092
        ]
    }
}