{
    "train": {
        "R2": 0.9914085288297378,
        "MAE": 3.402803976068086,
        "MDAE": 2.1709153724420105,
        "RMSE": 6.173388389839013,
        "CE135A": [
            0.5095407105457357,
            0.8672554091958807,
            0.9651088506906056,
            1.0045746033376493
        ]
    },
    "test": {
        "R2": 0.9896926419114728,
        "MAE": 3.825642423294308,
        "MDAE": 2.480536885911249,
        "RMSE": 6.711532672418116,
        "CE135A": [
            0.45967133319130343,
            0.8417076808082705,
            0.9568963338232161,
            1.002032953343179
        ]
    }
}