{
    "train": {
        "R2": 0.9960492486424842,
        "MAE": 2.333018463985549,
        "MDAE": 1.269368891679349,
        "RMSE": 4.205298349799216,
        "CE135A": [
            0.6466222057685479,
            0.9079262218202345,
            0.9745204299589749,
            1.0037700740523277
        ]
    },
    "test": {
        "R2": 0.9899750609734476,
        "MAE": 3.6725666736525464,
        "MDAE": 2.1227933640909953,
        "RMSE": 6.654934959731142,
        "CE135A": [
            0.5005817689248563,
            0.8314085754476147,
            0.9455915808485144,
            0.9963878227949221
        ]
    }
}