{
    "train": {
        "R2": 0.9905738641803666,
        "MAE": 3.3045320591105596,
        "MDAE": 2.03971392775685,
        "RMSE": 6.341293489847632,
        "CE135A": [
            0.525917643095277,
            0.8680896447239785,
            0.9662664497820475,
            1.0041936997360594
        ]
    },
    "test": {
        "R2": 0.9890157571872563,
        "MAE": 3.8224160227253607,
        "MDAE": 2.369552232439034,
        "RMSE": 6.9763766330635955,
        "CE135A": [
            0.48917766833588544,
            0.8484045855233208,
            0.9456607209369697,
            1.0040144021851591
        ]
    }
}