{
    "train": {
        "R2": 0.9936378755592374,
        "MAE": 2.6701209118619964,
        "MDAE": 1.4912527704721725,
        "RMSE": 5.293721956376792,
        "CE135A": [
            0.6191085153788348,
            0.9093266184141716,
            0.9786731003326697,
            1.0042495594432945
        ]
    },
    "test": {
        "R2": 0.9881738275177419,
        "MAE": 3.6984115093938232,
        "MDAE": 2.2163939404672277,
        "RMSE": 7.19883684482331,
        "CE135A": [
            0.49317254331587046,
            0.8511374387505825,
            0.9513958512786478,
            0.9994069220667354
        ]
    }
}